lr-AdamW/pg1,lr-AdamW/pg2,step,train_loss,epoch,val_loss,val_f1
9.954033771106942e-05,9.954033771106942e-05,49,,,,
9.954033771106942e-05,9.954033771106942e-05,49,,,,
,,49,11.69123363494873,0,,
9.907129455909944e-05,9.907129455909944e-05,99,,,,
9.907129455909944e-05,9.907129455909944e-05,99,,,,
,,99,11.198233604431152,0,,
9.860225140712946e-05,9.860225140712946e-05,149,,,,
9.860225140712946e-05,9.860225140712946e-05,149,,,,
,,149,10.715508460998535,0,,
9.813320825515949e-05,9.813320825515949e-05,199,,,,
9.813320825515949e-05,9.813320825515949e-05,199,,,,
,,199,10.458288192749023,0,,
9.76641651031895e-05,9.76641651031895e-05,249,,,,
9.76641651031895e-05,9.76641651031895e-05,249,,,,
,,249,9.932995796203613,0,,
9.719512195121952e-05,9.719512195121952e-05,299,,,,
9.719512195121952e-05,9.719512195121952e-05,299,,,,
,,299,8.248547554016113,0,,
9.672607879924954e-05,9.672607879924954e-05,349,,,,
9.672607879924954e-05,9.672607879924954e-05,349,,,,
,,349,6.177672863006592,0,,
9.625703564727956e-05,9.625703564727956e-05,399,,,,
9.625703564727956e-05,9.625703564727956e-05,399,,,,
,,399,5.174412250518799,0,,
9.578799249530958e-05,9.578799249530958e-05,449,,,,
9.578799249530958e-05,9.578799249530958e-05,449,,,,
,,449,3.7139158248901367,0,,
9.531894934333959e-05,9.531894934333959e-05,499,,,,
9.531894934333959e-05,9.531894934333959e-05,499,,,,
,,499,2.9242842197418213,0,,
,,533,,0,2.4391846656799316,0.0011856899488926745
9.484990619136961e-05,9.484990619136961e-05,549,,,,
9.484990619136961e-05,9.484990619136961e-05,549,,,,
,,549,2.4108848571777344,1,,
9.438086303939963e-05,9.438086303939963e-05,599,,,,
9.438086303939963e-05,9.438086303939963e-05,599,,,,
,,599,2.0109786987304688,1,,
9.391181988742965e-05,9.391181988742965e-05,649,,,,
9.391181988742965e-05,9.391181988742965e-05,649,,,,
,,649,1.965395212173462,1,,
9.344277673545967e-05,9.344277673545967e-05,699,,,,
9.344277673545967e-05,9.344277673545967e-05,699,,,,
,,699,1.712984323501587,1,,
9.297373358348968e-05,9.297373358348968e-05,749,,,,
9.297373358348968e-05,9.297373358348968e-05,749,,,,
,,749,1.7665622234344482,1,,
9.25046904315197e-05,9.25046904315197e-05,799,,,,
9.25046904315197e-05,9.25046904315197e-05,799,,,,
,,799,1.6355348825454712,1,,
9.203564727954972e-05,9.203564727954972e-05,849,,,,
9.203564727954972e-05,9.203564727954972e-05,849,,,,
,,849,1.3792048692703247,1,,
9.156660412757975e-05,9.156660412757975e-05,899,,,,
9.156660412757975e-05,9.156660412757975e-05,899,,,,
,,899,1.263608455657959,1,,
9.109756097560977e-05,9.109756097560977e-05,949,,,,
9.109756097560977e-05,9.109756097560977e-05,949,,,,
,,949,1.9649245738983154,1,,
9.062851782363978e-05,9.062851782363978e-05,999,,,,
9.062851782363978e-05,9.062851782363978e-05,999,,,,
,,999,1.1714229583740234,1,,
9.01594746716698e-05,9.01594746716698e-05,1049,,,,
9.01594746716698e-05,9.01594746716698e-05,1049,,,,
,,1049,1.0517618656158447,1,,
,,1067,,1,1.1912870407104492,0.0004143100511073254
8.969043151969982e-05,8.969043151969982e-05,1099,,,,
8.969043151969982e-05,8.969043151969982e-05,1099,,,,
,,1099,1.1420166492462158,2,,
8.922138836772983e-05,8.922138836772983e-05,1149,,,,
8.922138836772983e-05,8.922138836772983e-05,1149,,,,
,,1149,1.3153256177902222,2,,
8.875234521575986e-05,8.875234521575986e-05,1199,,,,
8.875234521575986e-05,8.875234521575986e-05,1199,,,,
,,1199,1.5132513046264648,2,,
8.828330206378987e-05,8.828330206378987e-05,1249,,,,
8.828330206378987e-05,8.828330206378987e-05,1249,,,,
,,1249,1.420988917350769,2,,
8.781425891181989e-05,8.781425891181989e-05,1299,,,,
8.781425891181989e-05,8.781425891181989e-05,1299,,,,
,,1299,1.3641808032989502,2,,
8.734521575984991e-05,8.734521575984991e-05,1349,,,,
8.734521575984991e-05,8.734521575984991e-05,1349,,,,
,,1349,1.108339548110962,2,,
8.687617260787992e-05,8.687617260787992e-05,1399,,,,
8.687617260787992e-05,8.687617260787992e-05,1399,,,,
,,1399,0.90992671251297,2,,
8.640712945590996e-05,8.640712945590996e-05,1449,,,,
8.640712945590996e-05,8.640712945590996e-05,1449,,,,
,,1449,0.9408121705055237,2,,
8.593808630393996e-05,8.593808630393996e-05,1499,,,,
8.593808630393996e-05,8.593808630393996e-05,1499,,,,
,,1499,1.185393214225769,2,,
8.546904315196998e-05,8.546904315196998e-05,1549,,,,
8.546904315196998e-05,8.546904315196998e-05,1549,,,,
,,1549,0.79680997133255,2,,
8.5e-05,8.5e-05,1599,,,,
8.5e-05,8.5e-05,1599,,,,
,,1599,1.179216980934143,2,,
,,1601,,2,1.0280452966690063,0.038010221465076655
8.453095684803001e-05,8.453095684803001e-05,1649,,,,
8.453095684803001e-05,8.453095684803001e-05,1649,,,,
,,1649,0.9610032439231873,3,,
8.406191369606005e-05,8.406191369606005e-05,1699,,,,
8.406191369606005e-05,8.406191369606005e-05,1699,,,,
,,1699,1.2734193801879883,3,,
8.359287054409006e-05,8.359287054409006e-05,1749,,,,
8.359287054409006e-05,8.359287054409006e-05,1749,,,,
,,1749,1.2588326930999756,3,,
8.312382739212008e-05,8.312382739212008e-05,1799,,,,
8.312382739212008e-05,8.312382739212008e-05,1799,,,,
,,1799,0.7717862725257874,3,,
8.26547842401501e-05,8.26547842401501e-05,1849,,,,
8.26547842401501e-05,8.26547842401501e-05,1849,,,,
,,1849,1.4666744470596313,3,,
8.218574108818011e-05,8.218574108818011e-05,1899,,,,
8.218574108818011e-05,8.218574108818011e-05,1899,,,,
,,1899,0.7599325180053711,3,,
8.171669793621014e-05,8.171669793621014e-05,1949,,,,
8.171669793621014e-05,8.171669793621014e-05,1949,,,,
,,1949,0.8147949576377869,3,,
8.124765478424015e-05,8.124765478424015e-05,1999,,,,
8.124765478424015e-05,8.124765478424015e-05,1999,,,,
,,1999,0.7099714875221252,3,,
8.077861163227017e-05,8.077861163227017e-05,2049,,,,
8.077861163227017e-05,8.077861163227017e-05,2049,,,,
,,2049,0.8115201592445374,3,,
8.03095684803002e-05,8.03095684803002e-05,2099,,,,
8.03095684803002e-05,8.03095684803002e-05,2099,,,,
,,2099,0.6609032154083252,3,,
,,2135,,3,0.707763671875,0.17683475298126067
7.98405253283302e-05,7.98405253283302e-05,2149,,,,
7.98405253283302e-05,7.98405253283302e-05,2149,,,,
,,2149,0.6304031610488892,4,,
7.937148217636022e-05,7.937148217636022e-05,2199,,,,
7.937148217636022e-05,7.937148217636022e-05,2199,,,,
,,2199,0.7627755403518677,4,,
7.890243902439024e-05,7.890243902439024e-05,2249,,,,
7.890243902439024e-05,7.890243902439024e-05,2249,,,,
,,2249,0.5380813479423523,4,,
7.843339587242027e-05,7.843339587242027e-05,2299,,,,
7.843339587242027e-05,7.843339587242027e-05,2299,,,,
,,2299,0.4319591820240021,4,,
7.796435272045029e-05,7.796435272045029e-05,2349,,,,
7.796435272045029e-05,7.796435272045029e-05,2349,,,,
,,2349,0.64944988489151,4,,
7.74953095684803e-05,7.74953095684803e-05,2399,,,,
7.74953095684803e-05,7.74953095684803e-05,2399,,,,
,,2399,0.5862588882446289,4,,
7.702626641651032e-05,7.702626641651032e-05,2449,,,,
7.702626641651032e-05,7.702626641651032e-05,2449,,,,
,,2449,0.7287909388542175,4,,
7.655722326454035e-05,7.655722326454035e-05,2499,,,,
7.655722326454035e-05,7.655722326454035e-05,2499,,,,
,,2499,0.48728761076927185,4,,
7.608818011257036e-05,7.608818011257036e-05,2549,,,,
7.608818011257036e-05,7.608818011257036e-05,2549,,,,
,,2549,0.8252500891685486,4,,
7.561913696060038e-05,7.561913696060038e-05,2599,,,,
7.561913696060038e-05,7.561913696060038e-05,2599,,,,
,,2599,0.4365668296813965,4,,
7.515009380863039e-05,7.515009380863039e-05,2649,,,,
7.515009380863039e-05,7.515009380863039e-05,2649,,,,
,,2649,0.44139564037323,4,,
,,2669,,4,0.5107619166374207,0.22712640545144808
7.468105065666041e-05,7.468105065666041e-05,2699,,,,
7.468105065666041e-05,7.468105065666041e-05,2699,,,,
,,2699,0.29832184314727783,5,,
7.421200750469045e-05,7.421200750469045e-05,2749,,,,
7.421200750469045e-05,7.421200750469045e-05,2749,,,,
,,2749,0.422587126493454,5,,
7.374296435272045e-05,7.374296435272045e-05,2799,,,,
7.374296435272045e-05,7.374296435272045e-05,2799,,,,
,,2799,0.4167318046092987,5,,
7.327392120075048e-05,7.327392120075048e-05,2849,,,,
7.327392120075048e-05,7.327392120075048e-05,2849,,,,
,,2849,0.7724090814590454,5,,
7.280487804878048e-05,7.280487804878048e-05,2899,,,,
7.280487804878048e-05,7.280487804878048e-05,2899,,,,
,,2899,0.36551541090011597,5,,
7.23358348968105e-05,7.23358348968105e-05,2949,,,,
7.23358348968105e-05,7.23358348968105e-05,2949,,,,
,,2949,0.39670851826667786,5,,
7.186679174484054e-05,7.186679174484054e-05,2999,,,,
7.186679174484054e-05,7.186679174484054e-05,2999,,,,
,,2999,0.6099240779876709,5,,
7.139774859287055e-05,7.139774859287055e-05,3049,,,,
7.139774859287055e-05,7.139774859287055e-05,3049,,,,
,,3049,0.5291064977645874,5,,
7.092870544090057e-05,7.092870544090057e-05,3099,,,,
7.092870544090057e-05,7.092870544090057e-05,3099,,,,
,,3099,0.34906014800071716,5,,
7.045966228893058e-05,7.045966228893058e-05,3149,,,,
7.045966228893058e-05,7.045966228893058e-05,3149,,,,
,,3149,0.256670743227005,5,,
6.99906191369606e-05,6.99906191369606e-05,3199,,,,
6.99906191369606e-05,6.99906191369606e-05,3199,,,,
,,3199,0.36466556787490845,5,,
,,3203,,5,0.4185784161090851,0.30039522998296414
6.952157598499063e-05,6.952157598499063e-05,3249,,,,
6.952157598499063e-05,6.952157598499063e-05,3249,,,,
,,3249,0.38171395659446716,6,,
6.905253283302064e-05,6.905253283302064e-05,3299,,,,
6.905253283302064e-05,6.905253283302064e-05,3299,,,,
,,3299,0.4686453938484192,6,,
6.858348968105066e-05,6.858348968105066e-05,3349,,,,
6.858348968105066e-05,6.858348968105066e-05,3349,,,,
,,3349,0.37966489791870117,6,,
6.811444652908068e-05,6.811444652908068e-05,3399,,,,
6.811444652908068e-05,6.811444652908068e-05,3399,,,,
,,3399,0.36080706119537354,6,,
6.764540337711069e-05,6.764540337711069e-05,3449,,,,
6.764540337711069e-05,6.764540337711069e-05,3449,,,,
,,3449,0.3089640140533447,6,,
6.717636022514071e-05,6.717636022514071e-05,3499,,,,
6.717636022514071e-05,6.717636022514071e-05,3499,,,,
,,3499,0.4667727053165436,6,,
6.670731707317074e-05,6.670731707317074e-05,3549,,,,
6.670731707317074e-05,6.670731707317074e-05,3549,,,,
,,3549,0.5690113306045532,6,,
6.623827392120076e-05,6.623827392120076e-05,3599,,,,
6.623827392120076e-05,6.623827392120076e-05,3599,,,,
,,3599,0.28942468762397766,6,,
6.576923076923078e-05,6.576923076923078e-05,3649,,,,
6.576923076923078e-05,6.576923076923078e-05,3649,,,,
,,3649,0.3041841983795166,6,,
6.530018761726079e-05,6.530018761726079e-05,3699,,,,
6.530018761726079e-05,6.530018761726079e-05,3699,,,,
,,3699,0.4470231235027313,6,,
,,3737,,6,0.3767034113407135,0.36748534923339
6.483114446529081e-05,6.483114446529081e-05,3749,,,,
6.483114446529081e-05,6.483114446529081e-05,3749,,,,
,,3749,0.35226956009864807,7,,
6.436210131332083e-05,6.436210131332083e-05,3799,,,,
6.436210131332083e-05,6.436210131332083e-05,3799,,,,
,,3799,0.47938206791877747,7,,
6.389305816135085e-05,6.389305816135085e-05,3849,,,,
6.389305816135085e-05,6.389305816135085e-05,3849,,,,
,,3849,0.362381249666214,7,,
6.342401500938087e-05,6.342401500938087e-05,3899,,,,
6.342401500938087e-05,6.342401500938087e-05,3899,,,,
,,3899,0.4720887839794159,7,,
6.295497185741088e-05,6.295497185741088e-05,3949,,,,
6.295497185741088e-05,6.295497185741088e-05,3949,,,,
,,3949,0.2531571090221405,7,,
6.24859287054409e-05,6.24859287054409e-05,3999,,,,
6.24859287054409e-05,6.24859287054409e-05,3999,,,,
,,3999,0.1764068901538849,7,,
6.201688555347092e-05,6.201688555347092e-05,4049,,,,
6.201688555347092e-05,6.201688555347092e-05,4049,,,,
,,4049,0.3615112602710724,7,,
6.154784240150094e-05,6.154784240150094e-05,4099,,,,
6.154784240150094e-05,6.154784240150094e-05,4099,,,,
,,4099,0.3026040494441986,7,,
6.107879924953097e-05,6.107879924953097e-05,4149,,,,
6.107879924953097e-05,6.107879924953097e-05,4149,,,,
,,4149,0.3062598705291748,7,,
6.0609756097560974e-05,6.0609756097560974e-05,4199,,,,
6.0609756097560974e-05,6.0609756097560974e-05,4199,,,,
,,4199,0.2914663553237915,7,,
6.0140712945590995e-05,6.0140712945590995e-05,4249,,,,
6.0140712945590995e-05,6.0140712945590995e-05,4249,,,,
,,4249,0.39200401306152344,7,,
,,4271,,7,0.35468077659606934,0.39147495741056215
5.967166979362102e-05,5.967166979362102e-05,4299,,,,
5.967166979362102e-05,5.967166979362102e-05,4299,,,,
,,4299,0.25156381726264954,8,,
5.920262664165104e-05,5.920262664165104e-05,4349,,,,
5.920262664165104e-05,5.920262664165104e-05,4349,,,,
,,4349,0.2572459876537323,8,,
5.873358348968105e-05,5.873358348968105e-05,4399,,,,
5.873358348968105e-05,5.873358348968105e-05,4399,,,,
,,4399,0.33758169412612915,8,,
5.8264540337711074e-05,5.8264540337711074e-05,4449,,,,
5.8264540337711074e-05,5.8264540337711074e-05,4449,,,,
,,4449,0.34938740730285645,8,,
5.779549718574109e-05,5.779549718574109e-05,4499,,,,
5.779549718574109e-05,5.779549718574109e-05,4499,,,,
,,4499,0.16780327260494232,8,,
5.7326454033771104e-05,5.7326454033771104e-05,4549,,,,
5.7326454033771104e-05,5.7326454033771104e-05,4549,,,,
,,4549,0.47078967094421387,8,,
5.685741088180113e-05,5.685741088180113e-05,4599,,,,
5.685741088180113e-05,5.685741088180113e-05,4599,,,,
,,4599,0.23839081823825836,8,,
5.6388367729831147e-05,5.6388367729831147e-05,4649,,,,
5.6388367729831147e-05,5.6388367729831147e-05,4649,,,,
,,4649,0.15808628499507904,8,,
5.591932457786117e-05,5.591932457786117e-05,4699,,,,
5.591932457786117e-05,5.591932457786117e-05,4699,,,,
,,4699,0.22936676442623138,8,,
5.545028142589118e-05,5.545028142589118e-05,4749,,,,
5.545028142589118e-05,5.545028142589118e-05,4749,,,,
,,4749,0.3285408020019531,8,,
5.49812382739212e-05,5.49812382739212e-05,4799,,,,
5.49812382739212e-05,5.49812382739212e-05,4799,,,,
,,4799,0.4354461431503296,8,,
,,4805,,8,0.34304797649383545,0.42019045996592846
5.4512195121951226e-05,5.4512195121951226e-05,4849,,,,
5.4512195121951226e-05,5.4512195121951226e-05,4849,,,,
,,4849,0.5326796770095825,9,,
5.404315196998124e-05,5.404315196998124e-05,4899,,,,
5.404315196998124e-05,5.404315196998124e-05,4899,,,,
,,4899,0.26369160413742065,9,,
5.357410881801126e-05,5.357410881801126e-05,4949,,,,
5.357410881801126e-05,5.357410881801126e-05,4949,,,,
,,4949,0.3361833989620209,9,,
5.3105065666041277e-05,5.3105065666041277e-05,4999,,,,
5.3105065666041277e-05,5.3105065666041277e-05,4999,,,,
,,4999,0.39631208777427673,9,,
5.263602251407129e-05,5.263602251407129e-05,5049,,,,
5.263602251407129e-05,5.263602251407129e-05,5049,,,,
,,5049,0.47353073954582214,9,,
5.216697936210132e-05,5.216697936210132e-05,5099,,,,
5.216697936210132e-05,5.216697936210132e-05,5099,,,,
,,5099,0.196485698223114,9,,
5.1697936210131334e-05,5.1697936210131334e-05,5149,,,,
5.1697936210131334e-05,5.1697936210131334e-05,5149,,,,
,,5149,0.3675810992717743,9,,
5.1228893058161356e-05,5.1228893058161356e-05,5199,,,,
5.1228893058161356e-05,5.1228893058161356e-05,5199,,,,
,,5199,0.2786642909049988,9,,
5.075984990619137e-05,5.075984990619137e-05,5249,,,,
5.075984990619137e-05,5.075984990619137e-05,5249,,,,
,,5249,0.08045071363449097,9,,
5.0290806754221385e-05,5.0290806754221385e-05,5299,,,,
5.0290806754221385e-05,5.0290806754221385e-05,5299,,,,
,,5299,0.3142375648021698,9,,
,,5339,,9,0.330150842666626,0.44479574105621805
4.9821763602251406e-05,4.9821763602251406e-05,5349,,,,
4.9821763602251406e-05,4.9821763602251406e-05,5349,,,,
,,5349,0.4720705449581146,10,,
4.935272045028143e-05,4.935272045028143e-05,5399,,,,
4.935272045028143e-05,4.935272045028143e-05,5399,,,,
,,5399,0.36021849513053894,10,,
4.888367729831145e-05,4.888367729831145e-05,5449,,,,
4.888367729831145e-05,4.888367729831145e-05,5449,,,,
,,5449,0.23574307560920715,10,,
4.8414634146341464e-05,4.8414634146341464e-05,5499,,,,
4.8414634146341464e-05,4.8414634146341464e-05,5499,,,,
,,5499,0.4429323077201843,10,,
4.7945590994371486e-05,4.7945590994371486e-05,5549,,,,
4.7945590994371486e-05,4.7945590994371486e-05,5549,,,,
,,5549,0.17664411664009094,10,,
4.74765478424015e-05,4.74765478424015e-05,5599,,,,
4.74765478424015e-05,4.74765478424015e-05,5599,,,,
,,5599,0.17471128702163696,10,,
4.700750469043152e-05,4.700750469043152e-05,5649,,,,
4.700750469043152e-05,4.700750469043152e-05,5649,,,,
,,5649,0.4034660756587982,10,,
4.653846153846154e-05,4.653846153846154e-05,5699,,,,
4.653846153846154e-05,4.653846153846154e-05,5699,,,,
,,5699,0.33770623803138733,10,,
4.606941838649156e-05,4.606941838649156e-05,5749,,,,
4.606941838649156e-05,4.606941838649156e-05,5749,,,,
,,5749,0.4782108664512634,10,,
4.560037523452158e-05,4.560037523452158e-05,5799,,,,
4.560037523452158e-05,4.560037523452158e-05,5799,,,,
,,5799,0.23451672494411469,10,,
4.5131332082551594e-05,4.5131332082551594e-05,5849,,,,
4.5131332082551594e-05,4.5131332082551594e-05,5849,,,,
,,5849,0.13998796045780182,10,,
,,5873,,10,0.321062296628952,0.4582654173764905
4.4662288930581616e-05,4.4662288930581616e-05,5899,,,,
4.4662288930581616e-05,4.4662288930581616e-05,5899,,,,
,,5899,0.15383827686309814,11,,
4.419324577861164e-05,4.419324577861164e-05,5949,,,,
4.419324577861164e-05,4.419324577861164e-05,5949,,,,
,,5949,0.1913970559835434,11,,
4.372420262664165e-05,4.372420262664165e-05,5999,,,,
4.372420262664165e-05,4.372420262664165e-05,5999,,,,
,,5999,0.1736241728067398,11,,
4.3255159474671666e-05,4.3255159474671666e-05,6049,,,,
4.3255159474671666e-05,4.3255159474671666e-05,6049,,,,
,,6049,0.32074835896492004,11,,
4.2786116322701695e-05,4.2786116322701695e-05,6099,,,,
4.2786116322701695e-05,4.2786116322701695e-05,6099,,,,
,,6099,0.2380625307559967,11,,
4.231707317073171e-05,4.231707317073171e-05,6149,,,,
4.231707317073171e-05,4.231707317073171e-05,6149,,,,
,,6149,0.1766449213027954,11,,
4.184803001876173e-05,4.184803001876173e-05,6199,,,,
4.184803001876173e-05,4.184803001876173e-05,6199,,,,
,,6199,0.45589780807495117,11,,
4.1378986866791746e-05,4.1378986866791746e-05,6249,,,,
4.1378986866791746e-05,4.1378986866791746e-05,6249,,,,
,,6249,0.12289071083068848,11,,
4.090994371482176e-05,4.090994371482176e-05,6299,,,,
4.090994371482176e-05,4.090994371482176e-05,6299,,,,
,,6299,0.19080065190792084,11,,
4.044090056285179e-05,4.044090056285179e-05,6349,,,,
4.044090056285179e-05,4.044090056285179e-05,6349,,,,
,,6349,0.2196418195962906,11,,
3.99718574108818e-05,3.99718574108818e-05,6399,,,,
3.99718574108818e-05,3.99718574108818e-05,6399,,,,
,,6399,0.1299610435962677,11,,
,,6407,,11,0.3181815445423126,0.47548006814310034
3.9502814258911825e-05,3.9502814258911825e-05,6449,,,,
3.9502814258911825e-05,3.9502814258911825e-05,6449,,,,
,,6449,0.1774199903011322,12,,
3.903377110694184e-05,3.903377110694184e-05,6499,,,,
3.903377110694184e-05,3.903377110694184e-05,6499,,,,
,,6499,0.2861505448818207,12,,
3.856472795497186e-05,3.856472795497186e-05,6549,,,,
3.856472795497186e-05,3.856472795497186e-05,6549,,,,
,,6549,0.20969551801681519,12,,
3.809568480300188e-05,3.809568480300188e-05,6599,,,,
3.809568480300188e-05,3.809568480300188e-05,6599,,,,
,,6599,0.1745554655790329,12,,
3.76266416510319e-05,3.76266416510319e-05,6649,,,,
3.76266416510319e-05,3.76266416510319e-05,6649,,,,
,,6649,0.25686365365982056,12,,
3.715759849906191e-05,3.715759849906191e-05,6699,,,,
3.715759849906191e-05,3.715759849906191e-05,6699,,,,
,,6699,0.14487682282924652,12,,
3.668855534709193e-05,3.668855534709193e-05,6749,,,,
3.668855534709193e-05,3.668855534709193e-05,6749,,,,
,,6749,0.24591869115829468,12,,
3.6219512195121955e-05,3.6219512195121955e-05,6799,,,,
3.6219512195121955e-05,3.6219512195121955e-05,6799,,,,
,,6799,0.17489732801914215,12,,
3.5750469043151976e-05,3.5750469043151976e-05,6849,,,,
3.5750469043151976e-05,3.5750469043151976e-05,6849,,,,
,,6849,0.28385838866233826,12,,
3.528142589118199e-05,3.528142589118199e-05,6899,,,,
3.528142589118199e-05,3.528142589118199e-05,6899,,,,
,,6899,0.24513350427150726,12,,
,,6941,,12,0.3168031573295593,0.48238807495741054
3.4812382739212006e-05,3.4812382739212006e-05,6949,,,,
3.4812382739212006e-05,3.4812382739212006e-05,6949,,,,
,,6949,0.13424019515514374,13,,
3.434333958724203e-05,3.434333958724203e-05,6999,,,,
3.434333958724203e-05,3.434333958724203e-05,6999,,,,
,,6999,0.1329435110092163,13,,
3.387429643527205e-05,3.387429643527205e-05,7049,,,,
3.387429643527205e-05,3.387429643527205e-05,7049,,,,
,,7049,0.21104907989501953,13,,
3.340525328330207e-05,3.340525328330207e-05,7099,,,,
3.340525328330207e-05,3.340525328330207e-05,7099,,,,
,,7099,0.15879647433757782,13,,
3.2936210131332085e-05,3.2936210131332085e-05,7149,,,,
3.2936210131332085e-05,3.2936210131332085e-05,7149,,,,
,,7149,0.2631818354129791,13,,
3.24671669793621e-05,3.24671669793621e-05,7199,,,,
3.24671669793621e-05,3.24671669793621e-05,7199,,,,
,,7199,0.15733252465724945,13,,
3.199812382739212e-05,3.199812382739212e-05,7249,,,,
3.199812382739212e-05,3.199812382739212e-05,7249,,,,
,,7249,0.2815547287464142,13,,
3.152908067542214e-05,3.152908067542214e-05,7299,,,,
3.152908067542214e-05,3.152908067542214e-05,7299,,,,
,,7299,0.14259392023086548,13,,
3.106003752345216e-05,3.106003752345216e-05,7349,,,,
3.106003752345216e-05,3.106003752345216e-05,7349,,,,
,,7349,0.11289381980895996,13,,
3.059099437148218e-05,3.059099437148218e-05,7399,,,,
3.059099437148218e-05,3.059099437148218e-05,7399,,,,
,,7399,0.1877203732728958,13,,
3.0121951219512197e-05,3.0121951219512197e-05,7449,,,,
3.0121951219512197e-05,3.0121951219512197e-05,7449,,,,
,,7449,0.32507750391960144,13,,
,,7475,,13,0.3154093623161316,0.49134684838160153
2.9652908067542218e-05,2.9652908067542218e-05,7499,,,,
2.9652908067542218e-05,2.9652908067542218e-05,7499,,,,
,,7499,0.19929535686969757,14,,
2.9183864915572233e-05,2.9183864915572233e-05,7549,,,,
2.9183864915572233e-05,2.9183864915572233e-05,7549,,,,
,,7549,0.15452134609222412,14,,
2.871482176360225e-05,2.871482176360225e-05,7599,,,,
2.871482176360225e-05,2.871482176360225e-05,7599,,,,
,,7599,0.17414534091949463,14,,
2.8245778611632272e-05,2.8245778611632272e-05,7649,,,,
2.8245778611632272e-05,2.8245778611632272e-05,7649,,,,
,,7649,0.0843033492565155,14,,
2.777673545966229e-05,2.777673545966229e-05,7699,,,,
2.777673545966229e-05,2.777673545966229e-05,7699,,,,
,,7699,0.22127380967140198,14,,
2.7307692307692305e-05,2.7307692307692305e-05,7749,,,,
2.7307692307692305e-05,2.7307692307692305e-05,7749,,,,
,,7749,0.18591557443141937,14,,
2.683864915572233e-05,2.683864915572233e-05,7799,,,,
2.683864915572233e-05,2.683864915572233e-05,7799,,,,
,,7799,0.16509924829006195,14,,
2.6369606003752345e-05,2.6369606003752345e-05,7849,,,,
2.6369606003752345e-05,2.6369606003752345e-05,7849,,,,
,,7849,0.07296139001846313,14,,
2.5900562851782366e-05,2.5900562851782366e-05,7899,,,,
2.5900562851782366e-05,2.5900562851782366e-05,7899,,,,
,,7899,0.10540895909070969,14,,
2.5431519699812384e-05,2.5431519699812384e-05,7949,,,,
2.5431519699812384e-05,2.5431519699812384e-05,7949,,,,
,,7949,0.11577732115983963,14,,
2.4962476547842402e-05,2.4962476547842402e-05,7999,,,,
2.4962476547842402e-05,2.4962476547842402e-05,7999,,,,
,,7999,0.16927233338356018,14,,
,,8009,,14,0.31321144104003906,0.49884378194207846
2.4493433395872424e-05,2.4493433395872424e-05,8049,,,,
2.4493433395872424e-05,2.4493433395872424e-05,8049,,,,
,,8049,0.16403083503246307,15,,
2.402439024390244e-05,2.402439024390244e-05,8099,,,,
2.402439024390244e-05,2.402439024390244e-05,8099,,,,
,,8099,0.20375269651412964,15,,
2.355534709193246e-05,2.355534709193246e-05,8149,,,,
2.355534709193246e-05,2.355534709193246e-05,8149,,,,
,,8149,0.26853907108306885,15,,
2.3086303939962478e-05,2.3086303939962478e-05,8199,,,,
2.3086303939962478e-05,2.3086303939962478e-05,8199,,,,
,,8199,0.20775443315505981,15,,
2.2617260787992496e-05,2.2617260787992496e-05,8249,,,,
2.2617260787992496e-05,2.2617260787992496e-05,8249,,,,
,,8249,0.32110396027565,15,,
2.2148217636022514e-05,2.2148217636022514e-05,8299,,,,
2.2148217636022514e-05,2.2148217636022514e-05,8299,,,,
,,8299,0.24833643436431885,15,,
2.1679174484052532e-05,2.1679174484052532e-05,8349,,,,
2.1679174484052532e-05,2.1679174484052532e-05,8349,,,,
,,8349,0.18215198814868927,15,,
2.1210131332082554e-05,2.1210131332082554e-05,8399,,,,
2.1210131332082554e-05,2.1210131332082554e-05,8399,,,,
,,8399,0.15982027351856232,15,,
2.0741088180112572e-05,2.0741088180112572e-05,8449,,,,
2.0741088180112572e-05,2.0741088180112572e-05,8449,,,,
,,8449,0.13808652758598328,15,,
2.027204502814259e-05,2.027204502814259e-05,8499,,,,
2.027204502814259e-05,2.027204502814259e-05,8499,,,,
,,8499,0.15694531798362732,15,,
,,8543,,15,0.3145541548728943,0.4960541737649061
1.9803001876172608e-05,1.9803001876172608e-05,8549,,,,
1.9803001876172608e-05,1.9803001876172608e-05,8549,,,,
,,8549,0.287503182888031,16,,
1.9333958724202626e-05,1.9333958724202626e-05,8599,,,,
1.9333958724202626e-05,1.9333958724202626e-05,8599,,,,
,,8599,0.14898337423801422,16,,
1.8864915572232648e-05,1.8864915572232648e-05,8649,,,,
1.8864915572232648e-05,1.8864915572232648e-05,8649,,,,
,,8649,0.33520689606666565,16,,
1.8395872420262662e-05,1.8395872420262662e-05,8699,,,,
1.8395872420262662e-05,1.8395872420262662e-05,8699,,,,
,,8699,0.13528534770011902,16,,
1.7926829268292684e-05,1.7926829268292684e-05,8749,,,,
1.7926829268292684e-05,1.7926829268292684e-05,8749,,,,
,,8749,0.11310446262359619,16,,
1.7457786116322702e-05,1.7457786116322702e-05,8799,,,,
1.7457786116322702e-05,1.7457786116322702e-05,8799,,,,
,,8799,0.23724642395973206,16,,
1.6988742964352723e-05,1.6988742964352723e-05,8849,,,,
1.6988742964352723e-05,1.6988742964352723e-05,8849,,,,
,,8849,0.16791276633739471,16,,
1.651969981238274e-05,1.651969981238274e-05,8899,,,,
1.651969981238274e-05,1.651969981238274e-05,8899,,,,
,,8899,0.12508630752563477,16,,
1.605065666041276e-05,1.605065666041276e-05,8949,,,,
1.605065666041276e-05,1.605065666041276e-05,8949,,,,
,,8949,0.1261480301618576,16,,
1.5581613508442777e-05,1.5581613508442777e-05,8999,,,,
1.5581613508442777e-05,1.5581613508442777e-05,8999,,,,
,,8999,0.08370023965835571,16,,
1.5112570356472797e-05,1.5112570356472797e-05,9049,,,,
1.5112570356472797e-05,1.5112570356472797e-05,9049,,,,
,,9049,0.20991505682468414,16,,
,,9077,,16,0.3142198622226715,0.5047940374787053
1.4643527204502815e-05,1.4643527204502815e-05,9099,,,,
1.4643527204502815e-05,1.4643527204502815e-05,9099,,,,
,,9099,0.24014511704444885,17,,
1.4174484052532833e-05,1.4174484052532833e-05,9149,,,,
1.4174484052532833e-05,1.4174484052532833e-05,9149,,,,
,,9149,0.16975395381450653,17,,
1.3705440900562852e-05,1.3705440900562852e-05,9199,,,,
1.3705440900562852e-05,1.3705440900562852e-05,9199,,,,
,,9199,0.19326743483543396,17,,
1.3236397748592871e-05,1.3236397748592871e-05,9249,,,,
1.3236397748592871e-05,1.3236397748592871e-05,9249,,,,
,,9249,0.130026713013649,17,,
1.2767354596622891e-05,1.2767354596622891e-05,9299,,,,
1.2767354596622891e-05,1.2767354596622891e-05,9299,,,,
,,9299,0.1421438306570053,17,,
1.229831144465291e-05,1.229831144465291e-05,9349,,,,
1.229831144465291e-05,1.229831144465291e-05,9349,,,,
,,9349,0.13321973383426666,17,,
1.1829268292682927e-05,1.1829268292682927e-05,9399,,,,
1.1829268292682927e-05,1.1829268292682927e-05,9399,,,,
,,9399,0.23139120638370514,17,,
1.1360225140712947e-05,1.1360225140712947e-05,9449,,,,
1.1360225140712947e-05,1.1360225140712947e-05,9449,,,,
,,9449,0.07410123944282532,17,,
1.0891181988742963e-05,1.0891181988742963e-05,9499,,,,
1.0891181988742963e-05,1.0891181988742963e-05,9499,,,,
,,9499,0.16986577212810516,17,,
1.0422138836772983e-05,1.0422138836772983e-05,9549,,,,
1.0422138836772983e-05,1.0422138836772983e-05,9549,,,,
,,9549,0.12687882781028748,17,,
9.953095684803003e-06,9.953095684803003e-06,9599,,,,
9.953095684803003e-06,9.953095684803003e-06,9599,,,,
,,9599,0.11297480016946793,17,,
,,9611,,17,0.31567803025245667,0.49891294718909707
9.484052532833021e-06,9.484052532833021e-06,9649,,,,
9.484052532833021e-06,9.484052532833021e-06,9649,,,,
,,9649,0.1663765162229538,18,,
9.01500938086304e-06,9.01500938086304e-06,9699,,,,
9.01500938086304e-06,9.01500938086304e-06,9699,,,,
,,9699,0.13586993515491486,18,,
8.545966228893059e-06,8.545966228893059e-06,9749,,,,
8.545966228893059e-06,8.545966228893059e-06,9749,,,,
,,9749,0.11619195342063904,18,,
8.076923076923077e-06,8.076923076923077e-06,9799,,,,
8.076923076923077e-06,8.076923076923077e-06,9799,,,,
,,9799,0.1760532110929489,18,,
7.607879924953096e-06,7.607879924953096e-06,9849,,,,
7.607879924953096e-06,7.607879924953096e-06,9849,,,,
,,9849,0.11123045533895493,18,,
7.138836772983115e-06,7.138836772983115e-06,9899,,,,
7.138836772983115e-06,7.138836772983115e-06,9899,,,,
,,9899,0.08292066305875778,18,,
6.669793621013133e-06,6.669793621013133e-06,9949,,,,
6.669793621013133e-06,6.669793621013133e-06,9949,,,,
,,9949,0.14720682799816132,18,,
6.200750469043153e-06,6.200750469043153e-06,9999,,,,
6.200750469043153e-06,6.200750469043153e-06,9999,,,,
,,9999,0.14456957578659058,18,,
5.731707317073172e-06,5.731707317073172e-06,10049,,,,
5.731707317073172e-06,5.731707317073172e-06,10049,,,,
,,10049,0.11075352132320404,18,,
5.26266416510319e-06,5.26266416510319e-06,10099,,,,
5.26266416510319e-06,5.26266416510319e-06,10099,,,,
,,10099,0.08303467184305191,18,,
,,10145,,18,0.3144228756427765,0.5014632027257241
4.793621013133209e-06,4.793621013133209e-06,10149,,,,
4.793621013133209e-06,4.793621013133209e-06,10149,,,,
,,10149,0.19160915911197662,19,,
4.324577861163228e-06,4.324577861163228e-06,10199,,,,
4.324577861163228e-06,4.324577861163228e-06,10199,,,,
,,10199,0.1302964985370636,19,,
3.855534709193246e-06,3.855534709193246e-06,10249,,,,
3.855534709193246e-06,3.855534709193246e-06,10249,,,,
,,10249,0.1047939881682396,19,,
3.3864915572232646e-06,3.3864915572232646e-06,10299,,,,
3.3864915572232646e-06,3.3864915572232646e-06,10299,,,,
,,10299,0.1513471007347107,19,,
2.9174484052532836e-06,2.9174484052532836e-06,10349,,,,
2.9174484052532836e-06,2.9174484052532836e-06,10349,,,,
,,10349,0.09957540035247803,19,,
2.448405253283302e-06,2.448405253283302e-06,10399,,,,
2.448405253283302e-06,2.448405253283302e-06,10399,,,,
,,10399,0.130390003323555,19,,
1.979362101313321e-06,1.979362101313321e-06,10449,,,,
1.979362101313321e-06,1.979362101313321e-06,10449,,,,
,,10449,0.25593823194503784,19,,
1.5103189493433397e-06,1.5103189493433397e-06,10499,,,,
1.5103189493433397e-06,1.5103189493433397e-06,10499,,,,
,,10499,0.2186155915260315,19,,
1.0412757973733584e-06,1.0412757973733584e-06,10549,,,,
1.0412757973733584e-06,1.0412757973733584e-06,10549,,,,
,,10549,0.13421235978603363,19,,
5.722326454033771e-07,5.722326454033771e-07,10599,,,,
5.722326454033771e-07,5.722326454033771e-07,10599,,,,
,,10599,0.06676815450191498,19,,
1.0318949343339588e-07,1.0318949343339588e-07,10649,,,,
1.0318949343339588e-07,1.0318949343339588e-07,10649,,,,
,,10649,0.036947544664144516,19,,
,,10679,,19,0.31489652395248413,0.5027115843270868
